accuracy,epsilon,model,query,running_time
0.48729458255595415,10.0,LogisticRegression,bounded,431.84344205856326
0.130950823735138,10.0,RandomForestClassifier,bounded,172.96059403419494
0.48729458255595415,100.0,LogisticRegression,bounded,345.2446133136749
0.5538901089822585,100.0,RandomForestClassifier,bounded,91.324027967453
0.4596173573007098,10.0,GaussianNB,machine_learning,1.442213773727417
0.534778627635918,10.0,LogisticRegression,machine_learning,164.12021341323853
0.4576029410752273,100.0,GaussianNB,machine_learning,1.476620578765869
0.5689011586679793,100.0,LogisticRegression,machine_learning,304.604537153244
