nb_users,task,running_time
10,median,0.2238587260246277
20,median,0.3056116857026753
30,median,0.4377529872091193
40,median,0.5440834948891088
50,median,0.6234122577466463
60,median,0.7589722056137888
70,median,0.8528828118976793
80,median,0.9759125584050229
90,median,1.1238624045723362
100,median,1.304961882139507
