nb_users,task,running_time
10,regression,0.22176771414907356
20,regression,0.35633878958852666
30,regression,0.44169432238528605
40,regression,0.5480145404213353
50,regression,0.6591472249282034
60,regression,0.761387072111431
70,regression,0.8614824445624101
80,regression,0.9725471170325029
90,regression,1.1125052351700633
100,regression,1.2930156055249666
