nb_users,task,running_time
20,median,0.15591602325439452
40,median,0.2684211254119873
60,median,0.36000958681106565
80,median,0.45877981185913086
100,median,0.552024781703949
120,median,0.6717397809028626
140,median,0.7735526442527771
160,median,0.9388751983642578
180,median,1.1127409219741822
200,median,1.4895797491073608
