nb_users,task,running_time
20,regression,0.14364100694656373
40,regression,0.25337769985198977
60,regression,0.3464347839355469
80,regression,0.4678371071815491
100,regression,0.5673451066017151
120,regression,0.6649051547050476
140,regression,0.7831049084663391
160,regression,0.9261734843254089
180,regression,1.1278013229370116
200,regression,1.4626668453216554
